{
	"partitions" : [
		{
			"name" : "Top",
			"pins" : [
				{
					"name" : "col[0]",
					"strict" : false
				},
				{
					"name" : "col[1]",
					"strict" : false
				},
				{
					"name" : "col[2]",
					"strict" : false
				},
				{
					"name" : "col[3]",
					"strict" : false
				},
				{
					"name" : "seven_seg0[0]",
					"strict" : false
				},
				{
					"name" : "seven_seg0[1]",
					"strict" : false
				},
				{
					"name" : "seven_seg0[2]",
					"strict" : false
				},
				{
					"name" : "seven_seg0[3]",
					"strict" : false
				},
				{
					"name" : "seven_seg0[4]",
					"strict" : false
				},
				{
					"name" : "seven_seg0[5]",
					"strict" : false
				},
				{
					"name" : "seven_seg0[6]",
					"strict" : false
				},
				{
					"name" : "seven_seg1[0]",
					"strict" : false
				},
				{
					"name" : "seven_seg1[1]",
					"strict" : false
				},
				{
					"name" : "seven_seg1[2]",
					"strict" : false
				},
				{
					"name" : "seven_seg1[3]",
					"strict" : false
				},
				{
					"name" : "seven_seg1[4]",
					"strict" : false
				},
				{
					"name" : "seven_seg1[5]",
					"strict" : false
				},
				{
					"name" : "seven_seg1[6]",
					"strict" : false
				},
				{
					"name" : "seven_seg2[0]",
					"strict" : false
				},
				{
					"name" : "seven_seg2[1]",
					"strict" : false
				},
				{
					"name" : "seven_seg2[2]",
					"strict" : false
				},
				{
					"name" : "seven_seg2[3]",
					"strict" : false
				},
				{
					"name" : "seven_seg2[4]",
					"strict" : false
				},
				{
					"name" : "seven_seg2[5]",
					"strict" : false
				},
				{
					"name" : "seven_seg2[6]",
					"strict" : false
				},
				{
					"name" : "seven_seg3[0]",
					"strict" : false
				},
				{
					"name" : "seven_seg3[1]",
					"strict" : false
				},
				{
					"name" : "seven_seg3[2]",
					"strict" : false
				},
				{
					"name" : "seven_seg3[3]",
					"strict" : false
				},
				{
					"name" : "seven_seg3[4]",
					"strict" : false
				},
				{
					"name" : "seven_seg3[5]",
					"strict" : false
				},
				{
					"name" : "seven_seg3[6]",
					"strict" : false
				},
				{
					"name" : "seven_seg4[0]",
					"strict" : false
				},
				{
					"name" : "seven_seg4[1]",
					"strict" : false
				},
				{
					"name" : "seven_seg4[2]",
					"strict" : false
				},
				{
					"name" : "seven_seg4[3]",
					"strict" : false
				},
				{
					"name" : "seven_seg4[4]",
					"strict" : false
				},
				{
					"name" : "seven_seg4[5]",
					"strict" : false
				},
				{
					"name" : "seven_seg4[6]",
					"strict" : false
				},
				{
					"name" : "seven_seg5[0]",
					"strict" : false
				},
				{
					"name" : "seven_seg5[1]",
					"strict" : false
				},
				{
					"name" : "seven_seg5[2]",
					"strict" : false
				},
				{
					"name" : "seven_seg5[3]",
					"strict" : false
				},
				{
					"name" : "seven_seg5[4]",
					"strict" : false
				},
				{
					"name" : "seven_seg5[5]",
					"strict" : false
				},
				{
					"name" : "seven_seg5[6]",
					"strict" : false
				},
				{
					"name" : "row[0]",
					"strict" : false
				},
				{
					"name" : "row[1]",
					"strict" : false
				},
				{
					"name" : "row[2]",
					"strict" : false
				},
				{
					"name" : "row[3]",
					"strict" : false
				},
				{
					"name" : "clk",
					"strict" : false
				},
				{
					"name" : "rstn",
					"strict" : false
				}
			]
		}
	]
}